method,family,detector,parameters,false_alerts,benign_hours,false_alerts_per_hour,anomaly_runs,detected_runs,anomaly_run_detection_rate,median_time_to_detect_seconds,interruption_runs,telemetry_fault_identification_rate
DICE_RIDGE_PERSISTENCE,ridge,persistence,"{""alpha"": 0.1, ""consecutive"": 2, ""cooldown_blocks"": 6}",1245,12.533333333333333,99.33510638297872,120,118,0.9833333333333333,12.492226833477616,16,1.0
DICE_RIDGE_PERSISTENCE,ridge,persistence,"{""alpha"": 0.1, ""consecutive"": 3, ""cooldown_blocks"": 6}",1209,12.533333333333333,96.4627659574468,120,118,0.9833333333333333,17.492226833477616,16,1.0
DICE_RIDGE_PERSISTENCE,ridge,persistence,"{""alpha"": 0.1, ""consecutive"": 5, ""cooldown_blocks"": 6}",1167,12.533333333333333,93.11170212765957,120,118,0.9833333333333333,27.492226833477616,16,1.0
DICE_RIDGE_PERSISTENCE,ridge,persistence,"{""alpha"": 0.05, ""consecutive"": 2, ""cooldown_blocks"": 6}",1145,12.533333333333333,91.3563829787234,120,117,0.975,12.4963148010429,16,1.0
DICE_RIDGE_PERSISTENCE,ridge,persistence,"{""alpha"": 0.05, ""consecutive"": 3, ""cooldown_blocks"": 6}",1127,12.533333333333333,89.92021276595744,120,117,0.975,17.4963148010429,16,1.0
DICE_RIDGE_PERSISTENCE,ridge,persistence,"{""alpha"": 0.05, ""consecutive"": 5, ""cooldown_blocks"": 6}",1111,12.533333333333333,88.6436170212766,120,115,0.9583333333333334,27.495000750059262,16,1.0
DICE_RIDGE_PERSISTENCE,ridge,persistence,"{""alpha"": 0.02, ""consecutive"": 2, ""cooldown_blocks"": 6}",922,12.533333333333333,73.56382978723404,120,111,0.925,12.496889292960986,16,1.0
DICE_RIDGE_PERSISTENCE,ridge,persistence,"{""alpha"": 0.02, ""consecutive"": 3, ""cooldown_blocks"": 6}",907,12.533333333333333,72.36702127659575,120,110,0.9166666666666666,17.496299466467462,16,1.0
DICE_RIDGE_PERSISTENCE,ridge,persistence,"{""alpha"": 0.02, ""consecutive"": 5, ""cooldown_blocks"": 6}",891,12.533333333333333,71.09042553191489,120,109,0.9083333333333333,27.49581233295612,16,1.0
DICE_RIDGE_PERSISTENCE,ridge,persistence,"{""alpha"": 0.01, ""consecutive"": 2, ""cooldown_blocks"": 6}",0,12.533333333333333,0.0,120,0,0.0,nan,16,1.0
DICE_RIDGE_PERSISTENCE,ridge,persistence,"{""alpha"": 0.01, ""consecutive"": 3, ""cooldown_blocks"": 6}",0,12.533333333333333,0.0,120,0,0.0,nan,16,1.0
DICE_RIDGE_PERSISTENCE,ridge,persistence,"{""alpha"": 0.01, ""consecutive"": 5, ""cooldown_blocks"": 6}",0,12.533333333333333,0.0,120,0,0.0,nan,16,1.0
STATIC_VAR_PERSISTENCE,var,persistence,"{""alpha"": 0.1, ""consecutive"": 2, ""cooldown_blocks"": 6}",1253,12.533333333333333,99.97340425531915,120,117,0.975,22.49344908306375,16,1.0
STATIC_VAR_PERSISTENCE,var,persistence,"{""alpha"": 0.1, ""consecutive"": 3, ""cooldown_blocks"": 6}",1233,12.533333333333333,98.37765957446808,120,117,0.975,27.49344908306375,16,1.0
STATIC_VAR_PERSISTENCE,var,persistence,"{""alpha"": 0.1, ""consecutive"": 5, ""cooldown_blocks"": 6}",1099,12.533333333333333,87.68617021276596,120,117,0.975,7.497047836892307,16,1.0
STATIC_VAR_PERSISTENCE,var,persistence,"{""alpha"": 0.05, ""consecutive"": 2, ""cooldown_blocks"": 6}",1192,12.533333333333333,95.1063829787234,120,113,0.9416666666666667,22.4963148010429,16,1.0
STATIC_VAR_PERSISTENCE,var,persistence,"{""alpha"": 0.05, ""consecutive"": 3, ""cooldown_blocks"": 6}",1171,12.533333333333333,93.43085106382979,120,113,0.9416666666666667,27.496284131892025,16,1.0
STATIC_VAR_PERSISTENCE,var,persistence,"{""alpha"": 0.05, ""consecutive"": 5, ""cooldown_blocks"": 6}",1047,12.533333333333333,83.5372340425532,120,113,0.9416666666666667,7.497398791951127,16,1.0
STATIC_VAR_PERSISTENCE,var,persistence,"{""alpha"": 0.02, ""consecutive"": 2, ""cooldown_blocks"": 6}",1026,12.533333333333333,81.86170212765957,120,112,0.9333333333333333,22.491771541011985,16,1.0
STATIC_VAR_PERSISTENCE,var,persistence,"{""alpha"": 0.02, ""consecutive"": 3, ""cooldown_blocks"": 6}",1004,12.533333333333333,80.1063829787234,120,112,0.9333333333333333,27.491650708019733,16,1.0
STATIC_VAR_PERSISTENCE,var,persistence,"{""alpha"": 0.02, ""consecutive"": 5, ""cooldown_blocks"": 6}",886,12.533333333333333,70.69148936170212,120,112,0.9333333333333333,7.498068288085051,16,1.0
STATIC_VAR_PERSISTENCE,var,persistence,"{""alpha"": 0.01, ""consecutive"": 2, ""cooldown_blocks"": 6}",0,12.533333333333333,0.0,120,0,0.0,nan,16,1.0
STATIC_VAR_PERSISTENCE,var,persistence,"{""alpha"": 0.01, ""consecutive"": 3, ""cooldown_blocks"": 6}",0,12.533333333333333,0.0,120,0,0.0,nan,16,1.0
STATIC_VAR_PERSISTENCE,var,persistence,"{""alpha"": 0.01, ""consecutive"": 5, ""cooldown_blocks"": 6}",0,12.533333333333333,0.0,120,0,0.0,nan,16,1.0
STATIC_VAR_EWMA,var,ewma,"{""cooldown_blocks"": 6, ""lambda"": 0.1, ""threshold"": 3.0}",1108,12.533333333333333,88.40425531914893,120,113,0.9416666666666667,17.497047836892307,16,1.0
STATIC_VAR_EWMA,var,ewma,"{""cooldown_blocks"": 6, ""lambda"": 0.1, ""threshold"": 4.0}",1095,12.533333333333333,87.36702127659575,120,107,0.8916666666666667,17.497042906004936,16,1.0
STATIC_VAR_EWMA,var,ewma,"{""cooldown_blocks"": 6, ""lambda"": 0.1, ""threshold"": 5.0}",1076,12.533333333333333,85.85106382978724,120,106,0.8833333333333333,17.496883853455074,16,1.0
STATIC_VAR_EWMA,var,ewma,"{""cooldown_blocks"": 6, ""lambda"": 0.1, ""threshold"": 6.0}",1061,12.533333333333333,84.65425531914893,120,106,0.8833333333333333,17.496971085085534,16,1.0
STATIC_VAR_EWMA,var,ewma,"{""cooldown_blocks"": 6, ""lambda"": 0.2, ""threshold"": 3.0}",1124,12.533333333333333,89.68085106382979,120,116,0.9666666666666667,17.496623602928594,16,1.0
STATIC_VAR_EWMA,var,ewma,"{""cooldown_blocks"": 6, ""lambda"": 0.2, ""threshold"": 4.0}",1111,12.533333333333333,88.6436170212766,120,109,0.9083333333333333,17.497003114083782,16,1.0
STATIC_VAR_EWMA,var,ewma,"{""cooldown_blocks"": 6, ""lambda"": 0.2, ""threshold"": 5.0}",1103,12.533333333333333,88.00531914893617,120,107,0.8916666666666667,17.497003114083782,16,1.0
STATIC_VAR_EWMA,var,ewma,"{""cooldown_blocks"": 6, ""lambda"": 0.2, ""threshold"": 6.0}",1092,12.533333333333333,87.12765957446808,120,107,0.8916666666666667,17.497042906004936,16,1.0
STATIC_VAR_EWMA,var,ewma,"{""cooldown_blocks"": 6, ""lambda"": 0.4, ""threshold"": 3.0}",1143,12.533333333333333,91.1968085106383,120,116,0.9666666666666667,17.496351895970292,16,1.0
STATIC_VAR_EWMA,var,ewma,"{""cooldown_blocks"": 6, ""lambda"": 0.4, ""threshold"": 4.0}",1118,12.533333333333333,89.20212765957447,120,113,0.9416666666666667,17.496368791908026,16,1.0
STATIC_VAR_EWMA,var,ewma,"{""cooldown_blocks"": 6, ""lambda"": 0.4, ""threshold"": 5.0}",1113,12.533333333333333,88.80319148936171,120,109,0.9083333333333333,17.496284131892025,16,1.0
STATIC_VAR_EWMA,var,ewma,"{""cooldown_blocks"": 6, ""lambda"": 0.4, ""threshold"": 6.0}",1104,12.533333333333333,88.08510638297872,120,108,0.9,17.496269004477654,16,1.0
STATIC_VAR_CUSUM,var,cusum,"{""cooldown_blocks"": 6, ""reference"": 0.25, ""threshold"": 4.0}",1328,12.533333333333333,105.95744680851064,120,118,0.9833333333333333,17.49632490053773,16,1.0
STATIC_VAR_CUSUM,var,cusum,"{""cooldown_blocks"": 6, ""reference"": 0.25, ""threshold"": 6.0}",1311,12.533333333333333,104.60106382978724,120,117,0.975,17.496223207912408,16,1.0
STATIC_VAR_CUSUM,var,cusum,"{""cooldown_blocks"": 6, ""reference"": 0.25, ""threshold"": 9.0}",1287,12.533333333333333,102.68617021276596,120,117,0.975,17.49633500003256,16,1.0
STATIC_VAR_CUSUM,var,cusum,"{""cooldown_blocks"": 6, ""reference"": 0.25, ""threshold"": 12.0}",1261,12.533333333333333,100.61170212765957,120,117,0.975,17.49687841394916,16,1.0
STATIC_VAR_CUSUM,var,cusum,"{""cooldown_blocks"": 6, ""reference"": 0.5, ""threshold"": 4.0}",1309,12.533333333333333,104.44148936170212,120,117,0.975,17.496284131892025,16,1.0
STATIC_VAR_CUSUM,var,cusum,"{""cooldown_blocks"": 6, ""reference"": 0.5, ""threshold"": 6.0}",1296,12.533333333333333,103.40425531914893,120,117,0.975,17.496368791908026,16,1.0
STATIC_VAR_CUSUM,var,cusum,"{""cooldown_blocks"": 6, ""reference"": 0.5, ""threshold"": 9.0}",1270,12.533333333333333,101.32978723404256,120,117,0.975,17.4963148010429,16,1.0
STATIC_VAR_CUSUM,var,cusum,"{""cooldown_blocks"": 6, ""reference"": 0.5, ""threshold"": 12.0}",1242,12.533333333333333,99.09574468085107,120,117,0.975,17.49687841394916,16,1.0
STATIC_VAR_CUSUM,var,cusum,"{""cooldown_blocks"": 6, ""reference"": 1.0, ""threshold"": 4.0}",1285,12.533333333333333,102.52659574468085,120,117,0.975,17.4963148010429,16,1.0
STATIC_VAR_CUSUM,var,cusum,"{""cooldown_blocks"": 6, ""reference"": 1.0, ""threshold"": 6.0}",1263,12.533333333333333,100.77127659574468,120,117,0.975,17.49633500003256,16,1.0
STATIC_VAR_CUSUM,var,cusum,"{""cooldown_blocks"": 6, ""reference"": 1.0, ""threshold"": 9.0}",1226,12.533333333333333,97.81914893617021,120,117,0.975,17.496368791908026,16,1.0
STATIC_VAR_CUSUM,var,cusum,"{""cooldown_blocks"": 6, ""reference"": 1.0, ""threshold"": 12.0}",1202,12.533333333333333,95.90425531914893,120,117,0.975,17.496889292960986,16,1.0
STATIC_VAR_SEQUENTIAL_CONFORMAL,var,eprocess,"{""cooldown_blocks"": 6, ""eta"": 0.5, ""log_threshold"": 2.995732273553991}",1256,12.533333333333333,100.2127659574468,120,117,0.975,27.492142217000946,16,1.0
STATIC_VAR_SEQUENTIAL_CONFORMAL,var,eprocess,"{""cooldown_blocks"": 6, ""eta"": 0.5, ""log_threshold"": 4.605170185988092}",1119,12.533333333333333,89.28191489361703,120,117,0.975,2.4979772088117898,16,1.0
STATIC_VAR_SEQUENTIAL_CONFORMAL,var,eprocess,"{""cooldown_blocks"": 6, ""eta"": 0.5, ""log_threshold"": 6.214608098422191}",1099,12.533333333333333,87.68617021276596,120,117,0.975,7.49747913191095,16,1.0
STATIC_VAR_SEQUENTIAL_CONFORMAL,var,eprocess,"{""cooldown_blocks"": 6, ""eta"": 0.7, ""log_threshold"": 2.995732273553991}",1127,12.533333333333333,89.92021276595744,120,117,0.975,2.49747913191095,16,1.0
STATIC_VAR_SEQUENTIAL_CONFORMAL,var,eprocess,"{""cooldown_blocks"": 6, ""eta"": 0.7, ""log_threshold"": 4.605170185988092}",1080,12.533333333333333,86.17021276595744,120,117,0.975,7.49797720881179,16,1.0
STATIC_VAR_SEQUENTIAL_CONFORMAL,var,eprocess,"{""cooldown_blocks"": 6, ""eta"": 0.7, ""log_threshold"": 6.214608098422191}",928,12.533333333333333,74.04255319148936,120,117,0.975,32.492131041013636,16,1.0
STATIC_VAR_SEQUENTIAL_CONFORMAL,var,eprocess,"{""cooldown_blocks"": 6, ""eta"": 0.9, ""log_threshold"": 2.995732273553991}",653,12.533333333333333,52.101063829787236,120,117,0.975,42.496284131892025,16,1.0
STATIC_VAR_SEQUENTIAL_CONFORMAL,var,eprocess,"{""cooldown_blocks"": 6, ""eta"": 0.9, ""log_threshold"": 4.605170185988092}",402,12.533333333333333,32.07446808510638,120,117,0.975,42.49797720881179,16,1.0
STATIC_VAR_SEQUENTIAL_CONFORMAL,var,eprocess,"{""cooldown_blocks"": 6, ""eta"": 0.9, ""log_threshold"": 6.214608098422191}",311,12.533333333333333,24.81382978723404,120,117,0.975,92.49687841394916,16,1.0
