time_seconds,observed_compute_activity,expected_compute_activity,residual_compute_activity,residual_memory_pressure,residual_io_variability,aggregate_evidence
2.5,1.0155982655230225,,2.2679988217283014,0.27860063643939803,0.23127087565220164,
7.5,-0.40431106212544232,1.1560048427922411,1.4350309934531758,0.40297568249764332,0.30658776317786235,1.0945420574331162
12.5,-0.41784259955538267,-0.0036410032439132545,1.1328435413281475,0.27860063643939803,0.38190465070352309,0.60859952257017469
17.5,0.78499831515444729,0.0056355666453419273,1.1328435413281475,0.5273507285558886,0.38190465070352309,1.6350287190708976
22.5,-0.031629968742486553,0.86397578809162556,1.3018086881194808,1.2485932440811649,0.36985455294950431,1.0454804496942491
27.5,-0.83878617643846076,0.27987747027498644,1.4090431526810039,1.2485932440811649,0.36985455294950431,1.8132313854179094
32.5,0.91873501008702896,-0.050644877054246362,1.4090431526810039,1.1796324811969172,1.2460420098176743,1.1294446102372064
37.5,0.63558758936551418,1.083136389882897,1.4090431526810039,0.49927405256505347,1.2460420098176743,1.0423502597022547
42.5,-0.4926043438558067,0.86307277092771439,0.65053502886192049,0.23924164077772603,0.1100843813027369,0.8820618644389161
47.5,-0.59702270769018351,-0.18141218194058062,0.60411111604204759,0.49927405256505347,0.1100843813027369,1.4846141500318635
52.5,-0.94782781556140183,-0.53612832900593443,0.59842622091531339,0.37882548935042676,0.059457406949633779,0.73764852141060322
57.5,-0.85434744448289335,-0.72252454610949324,0.59163812688836748,0.37882548935042676,0.8477803971512643,0.8402186885656785
62.5,-0.1189083851656053,-0.52593786441205248,0.59163812688836748,0.23497681800119055,0.4469340369129563,0.70010432709933068
67.5,-1.3882793589059772,-0.0071581776855009771,0.59163812688836748,0.23497681800119055,0.51832470706269584,1.0475386545271894
72.5,-0.69309662344276324,-0.93425497096898302,0.35053596923263153,0.24313005054666709,0.4469340369129563,0.60258469185882746
77.5,-0.58428050994365688,-0.60403800163794863,0.35053596923263153,0.43779254660430406,0.51832470706269584,1.4668542404844214
82.5,-2.2562147222247702,-0.22115093219376325,1.661085776221719,0.81210280837756454,0.52858532512208312,1.6561851331395401
87.5,-2.7634218502237213,-1.6206441154027571,1.7164646749100911,1.6848159236843114,0.60679727622284685,1.7334573509420945
92.5,-0.92290723412792752,-2.1037840083277772,1.661085776221719,1.8213159900778095,0.60679727622284685,2.0808727280339183
97.5,0.23031804333878564,-0.36591527415855635,1.7164646749100911,1.8213159900778095,0.80417088738628795,1.0963827862523718
102.5,-2.5462406744731698,0.16102782325683762,1.0356518821025718,0.93168745154561194,1.0787147282050873,2.136143350549518
107.5,-2.4315608947544205,-1.7190631244199697,2.5374255654096762,0.86439266935346792,1.4626168390832972,1.2385111003978901
112.5,-0.13751424913177479,-1.8831877606534491,1.0412686989019209,0.93168745154561194,1.0787147282050873,3.0597449993233989
117.5,-1.2463109787035145,-0.52994900504449816,2.5374255654096762,2.5554476379948796,0.81896341953255791,2.0893369021153241
122.5,4.87050775368935,-0.95594045672854389,1.0412686989019209,2.5554476379948796,0.81896341953255791,3.6316869107881993
127.5,2.8852056870931904,3.0445704181108075,3.3314199105386328,2.0069569309864281,1.4596430390545798,2.1486043615497756
132.5,3.4473283044953162,1.1554102388537522,3.3314199105386328,0.42186272075701015,1.7039842231584015,1.6363702857030047
137.5,6.4562911776665093,1.8818009716403701,3.3314199105386328,0.42186272075701015,1.9580916866118057,2.4460917262046085
142.5,2.1519091212023076,3.8132673118754221,6.2229324595401545,0.63871089473656473,1.9580916866118057,2.3747400249442094
147.5,5.1969560941866755,0.91576317696556764,6.2229324595401545,2.3778536867406324,2.5851510679634075,3.9888634749796794
152.5,11.953139970144251,3.0306753447777215,6.9493308947672121,0.63871089473656473,3.6065313940704411,5.4094334194762599
157.5,13.21010703457384,8.4291735438861224,7.4490917754195403,1.376105266322682,5.6247387779528752,4.265621315425407
162.5,15.200032376458564,10.075278226224265,7.4490917754195403,1.376105266322682,5.6247387779528752,3.5815470526837383
167.5,16.938834936205975,10.781818989624043,8.9495369932455304,3.3325934671970798,2.7977429526350384,3.772217010953308
172.5,2.4650514498935241,10.672430987452232,8.9495369932455304,3.3325934671970798,1.9719375578816829,5.901584279699672
177.5,2.4219760557415468,1.3231419190518836,2.6238351497947288,1.8944599154529336,1.9719375578816829,1.4925247008568736
182.5,2.9650417579298405,1.1599210158533542,1.5972115130227225,1.8944599154529336,1.4127778211624664,1.2241475959119474
187.5,2.1787466704383602,1.3778791429543455,2.6238351497947288,1.5486832225049205,1.120025699197859,1.4047600279024905
192.5,3.3114491161363282,1.1805334156926528,3.0973947535730342,0.87266456765451961,1.120025699197859,2.173777843557136
197.5,6.9549283319598283,2.7727744710265094,3.0973947535730342,0.87266456765451961,1.120025699197859,2.2077010154936918
202.5,4.9493289592187573,4.3838699998646584,1.8325154636108234,0.91150273010693372,1.4470792698001629,1.0487593485884545
207.5,4.1847970944270969,2.9240808204650706,1.6217745626905398,0.91150273010693372,1.8056220171601516,1.6166655960118537
212.5,3.6232382910845495,2.5075055049322854,1.7668705274333212,2.2713554696788507,1.8056220171601516,1.4338659106472393
217.5,3.3421206009775259,2.1265660956256833,1.6217745626905398,1.205221502201548,1.8056220171601516,1.4380257813680148
222.5,2.3636776819808842,1.8012249607356998,1.7668705274333212,1.205221502201548,1.0828862982189196,1.4462725328857542
227.5,3.2489785183347681,1.1512708919150114,0.81755374347046295,0.90317060871430477,0.91642204643130787,2.0780140985943829
232.5,2.120786585113446,2.5214339027642634,1.2946231768247418,0.56248140442079453,0.91642204643130787,1.0932709128173401
237.5,2.1835954713507535,1.2929331331157758,1.2946231768247418,0.50409946575766773,1.1184989679295831,2.1760009949273331
242.5,2.5863842355153261,0.74618396113420449,2.674825040805223,0.50409946575766773,1.1184989679295831,1.3997028797091395
247.5,7.4342830454154871,1.2782129436577305,2.674825040805223,0.50409946575766773,1.1248553587838401,3.5386933340239999
252.5,5.1471149313197273,4.6389168076176599,1.2978294203597427,2.0876406782140697,1.1248553587838401,1.2045963963688286
257.5,2.0463631292487698,2.9392312679166106,1.2978294203597427,0.36515842982613261,1.1248553587838401,1.980535755650439
262.5,2.3145130959854332,1.0476661885643244,1.2978294203597427,2.1619185913290915,1.337524290271616,1.3043517221605581
267.5,1.882293237910736,1.0850561355199579,1.8414266523116658,0.36515842982613261,1.78001679578125,1.8126392068169905
272.5,3.0685580192688886,0.92249355615307982,2.8600810523080336,1.8298279245918401,1.92303984106171,1.519840233165429
277.5,3.6752219473779064,1.7075710330492844,2.8600810523080336,1.8298279245918401,1.78001679578125,1.6515786874832092
282.5,0.68723295722312228,2.2242752186324726,2.2341693927723689,1.8298279245918401,2.1489107037279402,1.6905800136998281
287.5,1.5797506135396417,0.23032101885988876,2.1883667329226046,0.8210140839836283,1.0384486800829151,1.3104722697026532
292.5,2.2084032899723129,0.7028718997179404,1.9614648040778897,0.8210140839836283,1.0936684078274983,0.94028696043380267
297.5,1.279350482594954,1.0399681324549195,2.0471245072770214,0.64056446984025117,1.0936684078274983,1.4865348956445092
302.5,1.755322311693124,0.34696138246784325,1.8208691348314547,1.827495749349928,1.3508559456601246,1.1541653173581976
307.5,2.0515502185969159,0.79884627332494662,2.0471245072770214,0.76352310260820688,1.5107318399921326,1.5142915646633073
312.5,4.2177238355066216,0.93569573675957862,1.8208691348314547,1.1452313382877406,1.5107318399921326,2.6135007212025432
317.5,2.4077679414401079,2.7441269629859324,0.48891500890254669,1.1452313382877406,1.2412555714701698,1.752335620551021
322.5,2.0870705043505069,2.2393001170474434,0.48891500890254669,1.1452313382877406,0.80972192066298221,2.0859576647086779
327.5,2.3125961281828569,0.99422334567323389,0.93196049454337038,0.59561705455710856,0.80972192066298221,1.3855074318779477
332.5,1.8705659054714558,1.2294047335785838,1.9163221421422556,0.59561705455710856,0.80972192066298221,1.3460326797486044
337.5,2.3561225735824998,1.0068541713810639,0.93196049454337038,0.31065617137335838,0.34080137180941178,1.666229121062714
342.5,1.3465571184969927,1.0113326789218702,1.9612305025818,1.1432705648756412,0.34080137180941178,1.2422052294957635
347.5,2.122026976044523,0.6304967506496042,1.6738530635542819,0.29959189677029957,0.2674508558301002,1.5164500872979751
352.5,2.0730879156729038,0.92152666593261912,2.1680153250416856,1.1432705648756412,0.2674508558301002,0.96326181644695852
357.5,2.8416792416935452,1.005657870458204,2.6687507917503517,1.0528255440590408,1.4865631163606592,1.6105448494964874
362.5,3.4496963235455564,1.2994577907242459,2.6687507917503517,1.0528255440590408,1.8862963467409504,2.286848265088115
367.5,2.5875118636344911,2.3965183609952097,0.31814407852996751,1.0528255440590408,1.4865631163606592,1.7270512807512142
372.5,1.5629489545641326,1.3440752668752611,0.31814407852996751,1.2072520007412317,1.8862963467409504,1.5085573491141557
377.5,2.6762561966125178,0.83660499635095764,1.6247635865256593,1.2674906271581328,0.9026800979767774,1.7617281283240755
382.5,2.5216583814754441,1.4038692355996061,1.6247635865256593,1.2674906271581328,0.89030593285925097,1.3265067247574089
387.5,2.3658201754072921,1.7250932698894563,0.93132926619801126,0.98180242851683686,0.89030593285925097,1.7627603541208949
392.5,1.302354096225852,1.0816134698919264,0.93132926619801126,0.75046768064102221,0.67964819542099641,1.2744052120432885
397.5,2.5274092848831673,0.69713014684368924,1.3890767193677473,0.71856833808205678,0.7160591609692285,1.5407569035110347
402.5,2.0858301134194304,1.1301865400560485,2.6604041626598831,0.75046768064102221,0.7160591609692285,1.2396560944657102
407.5,3.8036587901504268,0.99062196290526039,1.9410960890829339,1.4648069368713734,0.93879455553159996,2.7932904111490902
412.5,3.1691424474981158,1.833725924458826,1.9410960890829339,2.4321038277601277,1.5066053803319057,1.5449091218059852
417.5,2.2644464074946504,1.8169478390779503,1.3399518175523735,2.4321038277601277,1.5066053803319057,1.5427506233108346
422.5,1.9224367989528941,1.0005897006563012,1.3399518175523735,1.7926543711999638,1.7212803586146805,1.1151073932073734
427.5,2.0133236253573323,0.71190864497233086,1.4030961034933969,1.4193173831653614,1.7212803586146805,1.2355303086871301
432.5,1.9824266148922993,1.017138121161749,1.8916731110604552,1.4793344707942697,1.9571204767442625,1.0673285911698458
437.5,5.0045827370576825,1.0248473020715498,5.7847486197451143,1.4793344707942697,3.0682830867967015,2.5334543500189906
442.5,14.040266855900718,2.7239193296844135,5.7847486197451143,1.4793344707942697,3.2846018553337344,6.5069622743116344
447.5,12.006702305804433,9.7165819282388171,4.7830587688248283,2.7097134865488672,3.2846018553337344,2.2911954429470454
452.5,4.3246229812031522,7.6152255157610051,3.3288068791484924,1.1736494688820627,0.63054909447447371,2.6038805309748638
457.5,3.4128228840489685,3.2189312068386049,3.0340873964592849,1.1736494688820627,0.17972158932572865,1.4176172012478017
462.5,4.5071859736954378,2.4198238568147437,0.49002978272863928,1.1736494688820627,0.1006508206507918,1.2264500795725479
467.5,3.4307521711436411,3.0936262182773175,0.57869154352556473,1.0653040468463097,0.17972158932572865,1.7573517400045902
472.5,2.8230733777273769,2.4249507637499028,0.57869154352556473,1.0216892642095574,0.5743491143012156,1.3878679510799996
477.5,4.4616297976813017,2.0795473500475259,3.2341559403123736,1.0216892642095574,0.5743491143012156,1.6633812772927588
482.5,5.1167817349142766,2.8917783952705962,3.2341559403123736,1.2704635219970641,0.26073663220532295,1.3709525658733905
487.5,3.4208290436950164,3.5219783241148179,1.066133265148393,1.2704635219970641,0.26073663220532295,1.9866059648635883
492.5,3.131141379882366,2.397673322299688,1.066133265148393,0.75631622708352697,0.47304059418232791,1.6933792647447752
497.5,3.4678511362640592,2.2046237047430703,1.343145071858985,0.079425965673280613,0.47304059418232791,1.4085888109355804
502.5,3.2457083967891984,2.3216644342635244,1.8361655593170525,0.29643543893228858,0.23019145538710067,1.1225628888357038
507.5,4.0723725709466727,2.2747129045843346,2.6129900953572389,0.20894768773393718,0.23019145538710067,1.2029604378687206
512.5,5.2149981440932658,2.709137176064385,2.6129900953572389,0.29643543893228858,0.23019145538710067,1.4216628558635971
517.5,3.7743404590522229,3.4451472439081323,1.6245570210634221,0.56246493740866033,0.26510191190021498,1.8445244230829194
522.5,3.5300962084417877,2.4124491734758178,0.47849914348411204,2.0389917751512665,0.76750071721274971,0.82743258662961905
527.5,2.2641081190589016,2.1425292124467603,1.1481805334054795,0.56246493740866033,1.2522133602878969,1.6698777124472044
532.5,1.9474701431982853,1.1575559991405606,0.8216050586346374,1.3631797022349332,1.5175525125129525,0.99762260289436089
537.5,1.5891099269286837,1.0238700210403968,1.1481805334054795,0.31301091425288502,1.2522133602878969,1.0789138692283085
542.5,2.2317451920389599,0.824451931202689,1.1954640664928744,1.0413060393527871,1.6509625744989938,1.0864371608031369
547.5,2.0040770747802039,1.1816332627128889,1.1954640664928744,0.48670751130539863,1.2433362637716463,1.2451491348687822
552.5,0.69783266154324353,0.97942749932890916,1.1954640664928744,1.0413060393527871,1.9369820715768369,1.2860292318419433
557.5,2.7681578883241991,0.1926344648725129,0.75583258858659286,1.1195525395834094,0.82067487813454987,1.8618121001313432
562.5,2.0930469333820678,1.5730565356233668,2.3359891822490479,2.0995531005537904,1.6030345466113505,1.3201015516427095
567.5,2.5553744622383814,0.9482832063437665,0.75583258858659286,1.1195525395834094,1.3583910871615985,1.6383951599979079
572.5,1.5945225419006617,1.5042959832177019,2.3359891822490479,0.20828076590970612,1.6030345466113505,1.402536812628661
577.5,2.4535496430780741,0.76720410281607787,1.0669461803584857,0.040298126368556841,1.3583910871615985,1.6828497189616456
582.5,2.0863939274790111,1.3523666083484411,1.1778062395762139,0.040298126368556841,1.8506969614171251,1.2747745206744143
587.5,1.9612272062520586,1.15093145525091,1.0669461803584857,1.0967785179597049,1.0153516735020527,1.3941413622545162
592.5,0.54943680106155801,1.0354486609620897,1.1778062395762139,1.0967785179597049,1.8506969614171251,1.1345796420595515
597.5,2.1855124391533298,0.21118919828759886,2.4454580249860078,0.85548624602523338,1.0153516735020527,1.6391790555019723
602.5,2.7039958483438959,1.0215932762444293,2.4454580249860078,0.85548624602523338,1.0067215837771184,1.165453518615279
607.5,2.0527906095279911,1.3233206063667737,1.0603218889466253,0.18747270347410516,0.9052870235194318,1.4019114589340671
612.5,1.4654091222566414,0.95667318909719656,1.0603218889466253,1.9201059411231056,0.9052870235194318,0.92643106769970118
617.5,2.5329346626670604,0.69484454470687895,2.0639208080716887,0.19179081110543472,1.4631382177885659,1.8123098535692472
622.5,2.5868352867629936,1.1669190008846924,2.0639208080716887,1.5137504805664999,1.4631382177885659,1.2474687755009088
627.5,1.9705865196411003,1.4264631077116616,1.5713598656781189,0.19179081110543472,1.1594852172858185,1.2504666889448819
632.5,2.0107300806832602,0.92968111042916401,1.5713598656781189,0.80777408964994568,1.1594852172858185,1.3129720112422167
637.5,4.0822956983952947,0.9625639489077189,1.5713598656781189,0.63625097720322732,1.5608941470398738,2.7788740240871097
642.5,3.5532125848846046,3.0462728719618419,0.736862751941739,0.80777408964994568,1.5608941470398738,1.4670962056059575
647.5,1.9331492660849312,2.0493462220634484,0.736862751941739,0.63625097720322732,1.3314757322415312,1.6445398344303463
652.5,1.9684440262146941,0.96716736443346396,0.63324157509619317,1.4612017300911291,1.1323949476043738,0.96223715291586498
657.5,1.3485868491114859,0.91293543174223923,1.4554067429465065,0.39176905635894888,0.97062348349024818,1.2543097215664138
662.5,2.2900435657996225,0.58207513274405809,1.5409406914476285,1.4612017300911291,0.17532698732788565,0.95986918308720715
667.5,2.1790849588741068,1.1189634780488311,1.8640111909568542,1.6291990619606906,0.17532698732788565,1.3528029328289497
672.5,2.4240057863560383,1.1416213863596634,1.8640111909568542,1.8907722505416373,0.53524979360586145,1.3072018149770956
677.5,3.7767084781024614,1.0954732835324985,1.8640111909568542,1.6291990619606906,1.6492622111114479,2.5278482147904957
682.5,2.7067021558298849,2.2886794699885042,0.60761731387591555,0.36418418583591361,1.6492622111114479,1.608771658152681
687.5,2.0834620943691919,1.715087795443154,0.60761731387591555,0.36418418583591361,0.23932931888548636,1.7445905056972981
692.5,2.214266956191953,0.9820192286618834,0.60339420244295605,0.81182376446926319,0.23932931888548636,1.3302147808691267
697.5,1.4978848120884982,1.0827675016264862,1.7911349780562642,0.81182376446926319,0.39685867678850834,1.3524497011676537
702.5,2.2070501362293191,0.58177328327697753,0.60339420244295605,0.68744792123382459,0.9753217406296727,2.0666407891296745
707.5,1.3826412183101682,1.6322013234256985,2.3624228759448935,0.68744792123382459,1.6051280062232172,1.1548438484831491
712.5,2.7760512851583341,0.84086573801684983,0.36274835279736117,0.82947703756015179,1.6051280062232172,1.6438431953686137
717.5,1.5278797200582017,1.3374338369928955,1.5448568985111959,2.5023737004508759,1.6568942454525777,1.994680832831875
